{"cameraMode":{"drawMode":0,"name":"Shaded","section":"Shading Mode"},"sceneLighting":false,"audioPlay":false,"sceneViewState":{"showFog":true,"showMaterialUpdate":false,"showSkybox":false,"showFlares":true,"showImageEffects":true,"showParticleSystems":true},"in2DMode":false,"pivot":{"x":0.5999984741210938,"y":-2.700000762939453,"z":-12.422307968139649},"rotation":{"x":-0.010499237105250359,"y":-0.01049922313541174,"z":-0.00011024687410099432,"w":0.9998902082443237},"size":93.35676574707031,"orthographic":false}